SL No.,TimeStamp,Duration,X,Y,Quadrant
1,172,120,721,344,Q8
2,491,100,709,360,Q8
3,790,100,680,432,Q5
4,930,140,679,439,Q5
5,1169,100,668,428,Q5
6,1628,219,569,1012,Q2
7,3063,100,163,301,Q7
8,3183,199,186,369,Q7
9,3462,279,389,333,Q7
10,3761,618,389,330,Q7
11,4419,259,392,342,Q7
12,4858,339,61,209,Q7
13,5217,120,50,201,Q7
14,5456,100,466,730,Q4
15,5576,259,526,744,Q4
16,6114,100,412,836,Q1
17,6253,259,399,850,Q1
18,6533,219,361,882,Q1
19,7011,339,57,191,Q7
20,7868,139,519,752,Q4
21,8028,279,493,741,Q4
22,8327,100,443,762,Q4
23,8446,160,439,748,Q4
24,8825,100,415,315,Q7
25,9045,219,413,341,Q7
26,9443,299,582,764,Q5
27,9822,140,596,429,Q5
28,10041,160,633,266,Q8
29,10221,1136,614,221,Q8
30,11756,259,589,239,Q8
31,12035,299,551,217,Q8
32,12434,100,457,778,Q4
33,12733,399,472,742,Q4
34,13331,439,948,677,Q5
35,13830,180,949,679,Q5
36,14129,179,643,367,Q8
37,14328,119,642,378,Q8
38,14767,100,492,497,Q4
39,14886,219,497,493,Q4
40,15146,219,406,487,Q4
41,15465,140,467,478,Q4
42,15724,279,505,482,Q4
43,16441,100,495,478,Q4
44,16641,120,506,471,Q4
45,16840,120,502,479,Q4
46,17339,160,570,477,Q5
47,17618,100,484,520,Q4
48,18355,239,549,503,Q5
49,20868,100,701,498,Q5
50,21246,100,689,479,Q5
51,21825,120,462,477,Q4
52,22263,100,438,403,Q4
53,22403,100,443,403,Q4
54,22642,199,447,396,Q7
55,22861,100,459,397,Q7
56,23041,100,434,400,Q4
57,23180,100,430,405,Q4
58,23300,100,495,427,Q4
59,23798,100,430,467,Q4
60,23938,100,458,403,Q4
61,24058,199,472,387,Q7
62,24317,219,467,386,Q7
63,24656,279,468,397,Q7
64,24955,120,467,402,Q4
65,25094,100,472,400,Q4
66,25214,219,466,400,Q4
67,25712,139,555,335,Q8
68,25952,179,606,331,Q8
69,26211,140,361,411,Q4
70,26510,100,391,423,Q4
71,26689,140,477,400,Q4
72,27028,160,601,430,Q5
73,27487,120,579,435,Q5
74,28185,120,502,519,Q4
75,28763,140,470,498,Q4
76,29042,140,465,445,Q4
77,29201,140,489,402,Q4
78,29520,120,425,496,Q4
79,29700,179,439,488,Q4
80,29899,100,525,466,Q4
81,30059,140,525,475,Q4
82,30218,219,535,463,Q5
83,30577,119,484,479,Q4
84,30737,120,635,435,Q5
85,30916,219,587,442,Q5
86,31295,100,467,500,Q4
87,31454,120,497,513,Q4
88,31614,239,517,527,Q4
89,32152,120,497,382,Q7
90,32451,159,376,416,Q4
91,33049,100,1201,-41,Q9
92,33189,438,1247,55,Q9
93,34365,160,586,272,Q8
94,34684,219,876,295,Q8
95,34943,299,1043,290,Q8
96,35322,179,1101,831,Q3
97,35522,219,1107,799,Q6
98,35920,339,1111,886,Q3
99,36459,359,1098,809,Q3
100,36837,100,1077,787,Q6
101,37535,219,106,156,Q7
102,37894,160,250,176,Q7
103,38074,279,279,189,Q7
104,38472,120,909,700,Q5
105,38692,100,950,697,Q5
106,38911,937,943,766,Q5
107,39928,120,929,652,Q5
108,40167,439,934,684,Q5
109,40626,219,987,676,Q5
110,40865,140,1016,691,Q5
111,41024,379,1021,681,Q5
112,41463,279,973,764,Q5
113,41762,538,971,687,Q5
114,42320,359,969,690,Q5
115,42699,279,980,650,Q5
116,42998,439,948,618,Q5
117,43576,160,897,689,Q5
118,43856,219,913,732,Q5
119,44194,578,1035,745,Q5
120,44793,179,1016,755,Q5
121,45291,179,116,191,Q7
122,45550,100,329,190,Q7
123,45670,479,277,186,Q7
124,46726,140,1022,765,Q5
125,46886,199,1018,762,Q5
126,47365,179,290,589,Q4
127,47604,239,282,209,Q7
128,47903,339,71,186,Q7
129,48361,379,1010,728,Q5
130,48760,239,1035,736,Q5
131,49019,239,925,675,Q5
132,49278,459,935,672,Q5
133,49777,219,1015,733,Q5
134,50076,299,1008,761,Q5
135,50415,518,988,706,Q5
136,51053,718,1011,752,Q5
137,52070,120,875,655,Q5
138,52309,259,407,727,Q4
139,52748,199,390,245,Q7
140,52987,399,245,201,Q7
141,53545,199,306,194,Q7
142,53844,120,399,627,Q4
143,54044,100,415,745,Q4
144,54343,160,1022,754,Q5
145,54542,259,1020,745,Q5
146,54921,139,1040,733,Q5
147,55120,359,952,690,Q5
148,55698,140,992,659,Q5
149,55878,379,998,762,Q5
150,56297,179,1002,752,Q5
151,56954,180,973,676,Q5
152,57154,279,1008,671,Q5
153,57453,498,929,733,Q5
154,57971,259,983,764,Q5
155,58270,160,1015,663,Q5
156,58589,139,1023,761,Q5
157,58848,219,1045,758,Q5
158,59367,239,998,742,Q5
159,59845,120,1004,756,Q5
160,60085,219,980,684,Q5
161,60344,658,1008,674,Q5
162,61321,139,440,689,Q4
163,61480,259,410,727,Q4
164,61759,239,409,716,Q4
165,62078,319,450,707,Q4
166,62437,817,518,689,Q4
167,63574,100,508,694,Q4
168,63873,100,605,644,Q5
169,64052,199,576,641,Q5
170,64351,180,989,737,Q5
171,64551,399,1035,753,Q5
172,65009,140,925,759,Q5
173,65348,239,550,744,Q5
174,65647,199,533,685,Q6
175,65866,399,601,728,Q5
176,66285,179,627,724,Q5
177,66544,140,461,765,Q4
178,66744,179,419,728,Q4
179,66983,199,610,732,Q5
180,67202,239,632,727,Q5
181,67461,459,607,726,Q5
182,68040,179,504,997,Q1
183,68718,100,604,719,Q5
184,68837,139,580,715,Q5
185,68997,339,528,719,Q4
186,69355,180,502,720,Q4
187,69814,160,985,744,Q5
188,69993,180,1042,738,Q5
189,70312,160,1063,733,Q5
190,70751,140,397,782,Q4
191,71070,199,436,785,Q4
192,71289,219,394,752,Q4
193,71748,179,234,166,Q7
194,71947,219,303,174,Q7
195,72187,797,358,188,Q7
196,73024,538,498,203,Q7
197,73582,100,497,200,Q7
198,73722,140,519,202,Q7
199,73881,120,705,204,Q8
200,74200,957,664,196,Q8
201,75177,439,551,249,Q8
202,75696,319,255,213,Q7
203,76074,140,559,197,Q8
204,76234,140,488,204,Q7
205,76433,179,747,228,Q8
206,76633,199,701,257,Q8
207,76932,199,233,234,Q7
208,77151,120,266,218,Q7
209,77331,379,39,214,Q7
210,77729,140,91,214,Q7
211,77929,139,300,216,Q7
212,78427,239,107,189,Q7
213,78686,219,72,195,Q7
214,79145,160,427,710,Q4
215,79364,100,505,721,Q4
216,79643,120,494,612,Q4
217,80580,100,439,730,Q4
218,80700,100,452,692,Q4
219,81019,159,518,701,Q4
220,81238,219,449,719,Q4
221,81517,199,405,732,Q4
222,81737,120,408,733,Q4
223,82295,159,408,787,Q4
224,82514,140,400,789,Q4
225,83292,120,420,660,Q4
226,83930,199,484,703,Q4
227,84229,100,574,706,Q5
228,84847,159,380,759,Q4
229,85066,100,401,776,Q4
230,85186,120,394,796,Q4
231,86083,120,315,825,Q1
232,86263,100,524,814,Q1
233,86442,199,501,823,Q1
234,86861,100,439,677,Q4
235,87020,100,494,585,Q4
236,87140,180,502,560,Q4
237,87339,120,450,700,Q4
238,87558,239,510,712,Q4
239,88256,120,320,725,Q4
240,88934,179,461,620,Q4
241,89173,180,400,668,Q4
242,89552,219,429,677,Q4
243,89792,140,356,688,Q4
244,89971,179,286,722,Q4
245,90230,140,308,729,Q4
246,90469,140,421,789,Q4
247,90968,100,330,723,Q4
248,91167,120,333,722,Q4
249,91506,120,253,815,Q1
250,91725,140,299,790,Q4
251,91885,179,381,659,Q4
252,92244,120,369,611,Q4
253,92383,120,365,615,Q4
254,92623,419,436,663,Q4
255,93340,459,401,681,Q4
256,94058,140,435,667,Q4
257,94218,120,425,660,Q4
258,95055,160,442,664,Q4
259,95773,120,565,675,Q5
260,96012,239,452,759,Q4
261,96331,219,446,748,Q4
262,96570,120,558,664,Q5
263,96789,180,502,682,Q4
264,97168,100,569,687,Q5
265,97288,120,566,672,Q5
266,97607,139,465,689,Q4
267,97806,179,467,679,Q4
268,98225,239,463,679,Q4
269,98604,179,476,646,Q4
270,99042,140,439,729,Q4
271,99501,100,574,676,Q5
272,100039,140,610,640,Q5
273,100219,319,613,631,Q5
274,101056,120,545,786,Q5
275,101395,120,444,665,Q4
276,102232,100,435,658,Q4
277,102591,100,413,639,Q4
278,102791,100,427,631,Q4
279,103130,140,369,636,Q4
280,103289,100,373,634,Q4
281,103588,179,385,666,Q4
282,103808,359,378,658,Q4
283,104186,120,426,618,Q4
284,104446,120,428,615,Q4
285,104645,120,408,669,Q4
286,104784,120,454,606,Q4
287,105383,120,345,643,Q4
288,105542,160,337,669,Q4
289,105781,120,452,619,Q4
290,105941,379,440,621,Q4
291,106419,140,422,629,Q4
292,106619,199,422,604,Q4
293,107077,100,500,668,Q4
294,107396,179,481,666,Q4
295,107795,279,424,733,Q4
296,125998,160,374,666,Q4
297,127274,159,507,537,Q4
298,127453,160,527,547,Q4
299,127932,259,498,531,Q4
300,128630,100,342,502,Q4
301,128809,199,354,486,Q4
302,129866,159,570,541,Q5
303,130903,160,371,508,Q4
304,131401,179,450,525,Q4
305,131660,140,307,508,Q4
306,132837,379,425,414,Q4
307,133315,100,435,409,Q4
308,134491,219,403,423,Q4
309,136984,160,430,618,Q4
310,138359,120,364,581,Q4
311,138838,140,330,605,Q4
312,139416,120,402,587,Q4
313,139655,179,363,594,Q4
314,143164,140,559,567,Q5
315,144520,100,478,701,Q4
316,144839,140,529,661,Q4
317,145836,159,589,580,Q5
318,146494,199,457,650,Q4
319,150242,100,640,731,Q5
320,150521,179,600,738,Q5
321,160629,140,683,561,Q5
322,162324,259,642,631,Q5
323,162862,120,528,712,Q4
324,201980,120,892,589,Q5
325,202119,179,888,584,Q5
326,202777,140,971,472,Q5
327,202977,100,916,494,Q5
328,203116,120,966,489,Q5
329,203495,179,1042,472,Q5
330,203694,140,1001,586,Q5
331,203894,399,1060,574,Q5
332,204432,479,1020,635,Q5
333,205529,120,893,600,Q5
334,207562,219,885,610,Q5
335,207801,100,887,613,Q5
336,207921,140,888,604,Q5
337,208120,120,884,567,Q5
338,208300,160,873,588,Q5
339,208659,140,878,625,Q5
340,209556,180,846,643,Q5
341,210054,179,802,562,Q5
342,210493,259,879,506,Q5
343,210792,179,823,674,Q5
344,211071,100,854,674,Q5
345,211570,100,962,685,Q5
346,211689,179,946,694,Q5
347,212108,120,798,639,Q5
348,212467,159,799,592,Q5
349,213304,100,893,516,Q5
350,213424,160,892,522,Q5
351,213663,179,1010,470,Q5
352,213862,120,945,467,Q5
353,214062,179,932,475,Q5
354,214261,100,1001,472,Q5
355,214520,259,1068,481,Q6
356,214839,159,885,478,Q5
357,215198,199,849,383,Q8
358,215517,120,864,343,Q8
359,215657,179,906,439,Q5
360,215856,219,846,438,Q5
361,216155,219,837,479,Q5
362,216394,140,840,483,Q5
363,218049,219,934,553,Q5
364,218289,279,914,565,Q5
365,218588,100,994,560,Q5
366,218747,120,988,564,Q5
367,219086,100,907,581,Q5
368,219285,219,983,460,Q5
369,219545,359,938,384,Q8
370,220023,179,1051,432,Q5
371,220223,140,1006,435,Q5
372,220382,239,1016,515,Q5
373,220641,319,1006,514,Q5
374,220980,319,977,523,Q5
375,221319,140,991,527,Q5
376,221578,439,980,539,Q5
377,222994,140,896,494,Q5
378,223293,160,947,488,Q5
379,223612,239,844,517,Q5
380,223891,100,866,512,Q5
381,224011,160,883,560,Q5
382,224689,199,941,511,Q5
383,227001,319,997,541,Q5
384,227400,100,940,525,Q5
385,227520,259,942,508,Q5
386,227998,179,926,493,Q5
387,228197,339,1000,494,Q5
388,228636,199,1070,491,Q6
389,228855,180,1024,441,Q5
390,229055,219,846,524,Q5
391,229294,120,860,518,Q5
392,229713,119,885,556,Q5
393,229952,120,886,566,Q5
394,230231,100,849,483,Q5
395,230351,259,850,475,Q5
396,230630,140,857,465,Q5
397,230949,120,940,500,Q5
398,231148,120,861,438,Q5
399,231447,140,879,426,Q5
400,231627,239,961,405,Q5
401,232205,259,1059,446,Q5
402,232504,239,1049,445,Q5
403,233002,239,894,481,Q5
404,233262,140,915,519,Q5
405,233421,160,932,507,Q5
406,234617,120,1391,498,Q6
407,234797,139,1387,496,Q6
408,235056,140,1251,459,Q6
409,235335,160,1315,390,Q9
410,235834,239,1320,373,Q9
411,236751,140,1015,581,Q5
412,236930,379,941,517,Q5
413,237329,100,890,476,Q5
414,237448,239,886,469,Q5
415,237768,199,910,431,Q5
416,238246,239,951,423,Q5
417,238505,279,1089,459,Q6
418,239044,120,1037,451,Q5
419,239283,319,872,447,Q5
420,239721,339,962,417,Q5
421,240120,100,947,519,Q5
422,240300,259,920,502,Q5
423,241017,120,1005,572,Q5
424,241157,140,1009,536,Q5
425,241316,159,1004,544,Q5
426,241496,200,1030,525,Q5
427,241735,100,691,487,Q5
428,242114,139,887,504,Q5
429,242273,120,870,515,Q5
430,242433,379,960,479,Q5
431,242852,140,988,494,Q5
432,243091,359,1066,494,Q6
433,243490,319,856,507,Q5
434,243829,219,882,531,Q5
435,244147,339,894,538,Q5
436,244526,160,923,569,Q5
437,244706,140,929,569,Q5
438,244865,100,886,565,Q5
439,245304,199,936,553,Q5
440,245922,179,883,532,Q5
441,246121,160,905,493,Q5
442,246301,419,869,491,Q5
443,246739,259,872,444,Q5
444,247078,199,1030,460,Q5
445,247298,160,1088,483,Q6
446,247517,638,1081,613,Q6
447,248195,159,980,540,Q5
448,248374,179,995,551,Q5
449,248574,100,998,567,Q5
450,248693,199,1027,519,Q5
451,248972,199,1043,492,Q5
452,249271,120,1042,490,Q5
453,249491,279,871,517,Q5
454,249870,120,863,530,Q5
455,250009,140,866,523,Q5
456,250268,100,919,436,Q5
457,250408,199,957,403,Q5
458,250687,179,407,164,Q7
459,250886,279,276,180,Q7
460,251205,140,367,21,Q7
461,251385,259,447,-36,Q7
462,251664,279,513,-50,Q7
463,252063,199,318,183,Q7
464,252541,140,300,212,Q7
465,252721,359,492,209,Q7
466,253099,179,231,213,Q7
467,253299,578,271,212,Q7
468,253917,299,48,214,Q7
469,254236,100,100,216,Q7
470,254515,100,977,618,Q5
471,254993,120,401,584,Q4
472,255193,179,379,593,Q4
473,255612,219,960,588,Q5
474,255851,439,857,513,Q5
475,256369,160,875,552,Q5
476,256768,239,928,593,Q5
477,257047,319,856,448,Q5
478,257625,200,889,416,Q5
479,257884,319,1071,500,Q6
480,258283,239,1028,435,Q5
481,258542,239,1060,452,Q5
482,259021,180,958,402,Q5
483,259380,199,940,509,Q5
484,259719,339,989,504,Q5
485,260277,618,923,499,Q5
486,260935,419,1004,547,Q5
487,261374,160,989,546,Q5
488,261693,140,937,515,Q5
489,261852,159,924,522,Q5
490,262051,160,924,527,Q5
491,262231,100,916,525,Q5
492,262390,1017,925,502,Q5
493,263427,100,937,515,Q5
494,263547,139,885,568,Q5
495,263726,100,892,579,Q5
496,263886,100,1022,545,Q5
497,264025,100,1024,552,Q5
498,264205,359,926,494,Q5
499,264603,100,1008,489,Q5
500,264723,100,1002,497,Q5
501,264843,120,880,552,Q5
502,265142,339,869,544,Q5
503,265500,279,948,554,Q5
504,265999,120,901,569,Q5
505,266617,100,963,480,Q5
506,266737,140,1054,503,Q5
507,266896,100,1048,504,Q5
508,267395,339,985,418,Q5
509,267753,239,1000,529,Q5
510,268312,419,1005,527,Q5
511,268850,239,893,492,Q5
512,269109,159,896,487,Q5
513,269289,279,1024,507,Q5
514,269588,179,1037,541,Q5
515,270266,259,1036,547,Q5
516,270545,100,1038,537,Q5
517,270704,279,1037,534,Q5
518,271063,180,1077,626,Q6
519,271362,199,992,496,Q5
520,271641,120,1027,531,Q5
521,272100,259,1008,547,Q5
522,272379,120,1062,614,Q5
523,272519,120,1055,623,Q5
524,272678,100,953,574,Q5
525,273196,159,1084,618,Q6
526,273376,140,1099,614,Q6
527,273595,199,886,577,Q5
528,273894,219,932,561,Q5
529,274313,259,934,506,Q5
530,274811,239,847,487,Q5
531,275270,498,887,527,Q5
532,275808,239,910,559,Q5
533,276107,319,973,415,Q5
534,276446,180,1086,435,Q6
535,276685,199,1032,441,Q5
536,277343,120,969,417,Q5
537,277483,199,972,396,Q8
538,277842,160,1095,439,Q6
539,278041,100,1042,433,Q5
540,278161,100,1039,428,Q5
541,278380,379,369,178,Q7
542,278839,359,1019,471,Q5
543,279218,219,891,473,Q5
544,279457,120,852,477,Q5
545,279935,219,293,192,Q7
546,280234,179,929,513,Q5
547,280434,279,864,477,Q5
548,280972,678,858,454,Q5
549,282168,159,878,502,Q5
550,282348,160,880,529,Q5
551,282667,279,874,525,Q5
552,283026,219,853,520,Q5
553,283364,120,1019,517,Q5
554,283504,100,1012,514,Q5
555,283704,100,1041,527,Q5
556,284581,179,968,492,Q5
557,284780,100,1011,485,Q5
558,284900,100,1013,480,Q5
559,285119,379,940,566,Q5
560,285538,120,1024,558,Q5
561,285757,239,1047,528,Q5
562,286096,140,234,242,Q7
563,286255,1416,293,206,Q7
564,287731,199,520,213,Q7
565,287950,140,499,214,Q7
566,288110,538,500,214,Q7
567,288668,1037,674,210,Q8
568,289725,379,573,240,Q8
569,290123,160,567,242,Q8
570,290323,179,317,219,Q7
571,290522,279,270,206,Q7
572,290841,239,66,230,Q7
573,291140,179,746,232,Q8
574,291340,100,707,222,Q8
575,291479,219,820,219,Q8
576,291798,120,851,239,Q8
577,291978,179,699,234,Q8
578,292177,339,762,229,Q8
579,292556,219,691,241,Q8
580,292895,100,760,242,Q8
581,293094,140,865,255,Q8
582,296184,419,99,229,Q7
583,297520,120,957,396,Q8
584,298118,140,1040,612,Q5
585,300451,219,703,187,Q8
586,300730,339,422,462,Q4
587,301129,100,532,426,Q4
588,301268,199,536,427,Q5
589,301488,219,538,511,Q5
590,301727,139,377,460,Q4
591,301926,239,59,207,Q7
592,302225,140,38,215,Q7
593,302385,638,89,210,Q7
594,303043,199,42,214,Q7
595,303282,219,83,190,Q7
596,303521,279,107,224,Q7
597,303820,498,270,221,Q7
598,304339,219,305,223,Q7
599,304718,319,60,223,Q7
600,305057,379,103,222,Q7
601,305515,299,559,445,Q5
602,305834,279,426,450,Q4
603,306153,299,507,466,Q4
604,306512,199,602,496,Q5
605,306911,100,369,606,Q4
606,307110,120,396,606,Q4
607,307290,359,451,615,Q4
608,308147,279,528,598,Q4
609,308645,140,529,675,Q4
610,308805,140,538,680,Q5
611,309044,140,524,679,Q4
612,309243,180,519,740,Q4
613,309483,499,517,592,Q4
614,310081,119,635,666,Q5
615,310260,239,622,654,Q5
616,310519,160,669,655,Q5
617,310918,199,656,700,Q5
618,311317,159,596,727,Q5
619,311496,120,661,678,Q5
620,312134,180,674,688,Q5
621,312513,359,506,736,Q4
622,312992,139,540,708,Q5
623,313151,139,489,733,Q4
624,313311,100,500,723,Q4
625,313430,139,486,744,Q4
626,313590,379,529,692,Q4
627,314008,100,532,694,Q4
628,314407,120,617,774,Q5
629,314666,119,478,621,Q4
630,314846,120,499,601,Q4
631,314985,100,504,592,Q4
632,315105,199,509,599,Q4
633,315324,359,513,591,Q4
634,315883,199,421,550,Q4
635,316182,219,382,590,Q4
636,316421,140,384,586,Q4
637,316580,199,477,587,Q4
638,316879,120,523,600,Q4
639,317039,120,519,602,Q4
640,317238,159,449,622,Q4
641,317498,159,471,551,Q4
642,317717,299,470,524,Q4
643,318375,159,595,487,Q5
644,318554,120,595,485,Q5
645,318714,299,656,477,Q5
646,319272,100,543,521,Q5
647,319411,279,575,470,Q5
648,320329,379,608,470,Q5
649,320727,160,727,450,Q5
650,320927,219,667,493,Q5
651,321266,140,768,558,Q5
652,321425,120,675,551,Q5
653,321864,100,601,562,Q5
654,321983,279,586,561,Q5
655,322821,139,629,643,Q5
656,322980,239,590,629,Q5
657,323240,120,606,620,Q5
658,323379,139,556,622,Q5
659,323578,140,656,664,Q5
660,323798,219,608,632,Q5
661,324436,219,657,476,Q5
662,324715,100,578,632,Q5
663,324834,578,608,640,Q5
664,325692,160,642,670,Q5
665,326031,180,268,178,Q7
666,326290,140,533,631,Q6
667,326469,379,544,640,Q5
668,327526,100,607,649,Q5
669,328005,159,596,588,Q5
670,328204,259,599,567,Q5
671,328483,578,584,493,Q5
672,329081,160,652,477,Q5
673,329560,159,580,481,Q5
674,329739,279,616,466,Q5
675,330058,180,509,479,Q4
676,330257,100,462,523,Q4
677,330377,339,455,518,Q4
678,330736,140,438,531,Q4
679,331035,319,636,486,Q5
680,331932,159,114,227,Q7
681,332211,120,519,547,Q4
682,332351,299,572,534,Q5
683,332670,120,566,551,Q5
684,332849,180,600,480,Q5
685,333069,120,526,554,Q4
686,333268,120,477,630,Q4
687,333567,120,504,592,Q4
688,333707,100,559,600,Q5
689,333846,140,470,601,Q4
690,334105,319,504,599,Q4
691,334604,139,503,599,Q4
692,334763,379,503,614,Q4
693,335401,199,470,668,Q4
694,335720,159,499,701,Q4
695,336000,120,485,690,Q4
696,336239,160,573,677,Q5
697,336418,100,477,674,Q4
698,336538,120,475,680,Q4
699,336817,219,475,683,Q4
700,337076,259,471,683,Q4
701,337355,279,481,676,Q4
702,337734,399,532,547,Q4
703,338213,140,488,690,Q4
704,338372,459,499,598,Q4
705,338851,159,476,677,Q4
706,339110,120,641,665,Q5
707,339389,120,452,665,Q4
708,339588,459,511,592,Q4
709,340067,140,510,591,Q4
710,340326,140,475,619,Q4
711,340485,100,441,711,Q4
712,340725,319,458,685,Q4
713,341163,100,548,597,Q5
714,341323,219,601,601,Q5
715,341662,100,595,604,Q5
716,341921,140,625,591,Q5
717,342120,219,593,591,Q5
718,342479,259,508,512,Q4
719,342758,120,510,532,Q4
720,342898,279,498,612,Q4
721,343217,140,505,588,Q4
722,343456,439,471,585,Q4
723,344174,180,519,488,Q4
724,344493,100,533,492,Q6
725,344672,199,498,498,Q4
726,345091,140,507,488,Q4
727,345370,159,503,486,Q4
728,345550,379,502,492,Q4
729,346008,319,486,624,Q4
730,346666,498,473,563,Q4
731,347184,159,484,547,Q4
732,347404,179,463,675,Q4
733,347902,518,533,499,Q6
734,348859,180,523,508,Q4
735,349158,319,515,602,Q4
736,349497,159,512,604,Q4
737,349736,180,499,573,Q4
738,349936,100,483,569,Q4
739,350255,219,471,693,Q4
740,350494,140,402,699,Q4
741,350733,180,413,613,Q4
742,351371,100,604,687,Q5
743,351491,179,581,648,Q5
744,351710,179,594,722,Q5
745,351910,100,569,715,Q5
746,352587,199,91,202,Q7
747,352807,199,48,222,Q7
748,353026,578,44,222,Q7
749,353644,100,255,223,Q7
750,353764,239,369,232,Q7
751,354103,1077,102,238,Q7
752,355439,100,555,721,Q5
753,355817,100,504,624,Q4
754,356136,100,543,612,Q5
755,356415,259,465,628,Q4
756,356994,219,620,656,Q5
757,357233,259,665,654,Q5
758,358010,160,643,583,Q5
759,358190,199,646,585,Q5
760,358928,160,644,594,Q5
761,359287,399,625,576,Q5
762,359924,259,508,538,Q4
763,360204,259,483,523,Q4
764,360582,319,478,533,Q4
765,360921,140,475,519,Q4
766,361081,299,530,519,Q4
767,361400,518,447,602,Q4
768,361978,100,455,600,Q4
769,362118,339,450,606,Q4
770,362496,100,533,576,Q6
771,362616,379,527,584,Q4
772,363015,140,531,590,Q4
773,363234,120,524,592,Q4
774,363394,518,551,512,Q5
775,363932,179,556,592,Q5
776,364231,119,561,587,Q5
777,364470,119,557,506,Q5
778,364610,160,596,509,Q5
779,364789,259,602,507,Q5
780,365068,180,455,515,Q4
781,365367,140,510,521,Q4
782,365666,100,444,489,Q4
783,365985,120,431,519,Q4
784,366165,179,438,508,Q4
785,366364,140,523,555,Q4
786,366524,159,522,535,Q4
787,366703,140,514,531,Q4
788,367062,179,555,589,Q5
789,367301,239,484,632,Q4
790,367560,199,452,628,Q4
791,367780,179,462,543,Q4
792,367979,159,464,531,Q4
793,368218,100,531,546,Q4
794,368418,140,536,547,Q5
795,368717,179,552,530,Q5
796,368916,319,605,521,Q5
797,369335,120,518,502,Q4
798,369534,120,553,529,Q5
799,370212,120,588,420,Q5
800,370352,179,592,410,Q5
801,370551,199,601,414,Q5
802,370770,219,616,411,Q5
803,371050,100,664,472,Q5
804,371508,239,727,511,Q5
805,371827,100,664,514,Q5
806,372007,120,652,518,Q5
807,372266,140,650,493,Q5
808,372605,100,664,511,Q5
809,372844,140,638,595,Q5
810,373422,100,645,591,Q5
811,373602,140,755,437,Q5
812,373801,339,834,433,Q5
813,374200,638,721,429,Q5
814,375695,319,622,616,Q5
815,376632,140,607,611,Q5
816,377011,279,722,437,Q5
817,377589,279,719,436,Q5
818,377888,180,711,435,Q5
819,378088,319,721,429,Q5
820,378546,120,767,359,Q8
821,378686,100,690,356,Q8
822,378825,1037,680,349,Q8
823,379882,578,668,349,Q8
824,380480,319,704,401,Q5
825,380819,498,674,363,Q8
826,381377,279,717,425,Q5
827,381676,379,730,437,Q5
828,382294,100,662,520,Q5
829,382793,100,744,487,Q5
830,383211,199,593,516,Q5
831,383590,120,549,526,Q5
832,383730,180,516,613,Q4
833,384009,140,525,609,Q4
834,384168,199,522,596,Q4
835,384507,140,443,565,Q4
836,385026,219,538,614,Q5
837,412001,419,588,361,Q8
838,412659,120,518,439,Q4
839,412799,140,511,429,Q4
840,413038,239,418,543,Q4
841,413297,399,461,529,Q4
842,413895,140,391,523,Q4
843,414394,239,525,550,Q4
844,414992,100,580,537,Q5
845,415191,518,593,514,Q5
846,415749,219,588,519,Q5
847,416049,379,501,417,Q4
848,416447,120,488,399,Q7
849,416607,199,475,575,Q4
850,417145,179,600,557,Q5
851,417384,140,454,505,Q4
852,417544,419,445,497,Q4
853,418002,518,585,483,Q5
854,418541,160,502,458,Q4
855,418740,120,586,482,Q5
856,418880,319,594,471,Q5
857,419219,140,597,455,Q5
858,419378,518,559,483,Q5
859,419916,140,468,539,Q4
860,420076,219,480,510,Q4
861,420415,439,593,480,Q5
862,420873,319,670,516,Q5
863,421372,100,749,502,Q5
864,421571,120,688,470,Q5
865,421731,120,684,464,Q5
866,421990,100,552,495,Q5
867,422109,180,556,481,Q5
868,422349,179,554,491,Q5
869,422648,179,503,497,Q4
870,422887,120,463,210,Q7
871,423047,100,329,173,Q7
872,423206,299,203,169,Q7
873,423864,140,501,495,Q4
874,424024,120,499,500,Q4
875,424163,100,570,513,Q5
876,424562,140,494,512,Q4
877,424741,319,578,497,Q5
878,425120,279,627,502,Q5
879,425419,159,551,451,Q5
880,425599,199,580,407,Q5
881,425818,379,660,401,Q5
882,426217,299,568,412,Q5
883,426536,199,611,404,Q5
884,426755,100,618,417,Q5
885,426875,160,641,407,Q5
886,427233,299,547,421,Q5
887,427572,498,374,418,Q4
888,428111,259,453,398,Q7
889,428410,120,524,394,Q7
890,428549,120,684,346,Q8
891,428689,359,699,345,Q8
892,429108,259,412,404,Q4
893,429466,239,458,411,Q4
894,429766,119,509,402,Q4
895,430065,518,409,405,Q4
896,430603,239,459,373,Q7
897,430862,120,505,341,Q7
898,431002,239,549,306,Q8
899,431261,139,586,318,Q8
900,431520,100,490,517,Q4
901,431799,100,581,500,Q5
902,432058,159,423,504,Q4
903,432258,180,421,506,Q4
904,432497,100,506,509,Q4
905,432636,140,509,499,Q4
906,432856,120,486,382,Q7
907,432995,518,470,328,Q7
908,433633,139,465,337,Q7
909,433793,140,471,328,Q7
910,433952,578,551,296,Q8
911,434550,977,565,297,Q8
912,435587,120,396,448,Q4
913,435787,319,423,426,Q4
914,436125,160,412,527,Q4
915,436305,100,410,503,Q4
916,436684,718,396,423,Q4
917,437461,100,406,433,Q4
918,437621,239,391,503,Q4
919,437880,120,394,505,Q4
920,438040,159,386,514,Q4
921,438219,339,380,503,Q4
922,438578,120,354,444,Q4
923,438717,279,351,429,Q4
924,439415,957,348,429,Q4
925,440472,399,363,365,Q7
926,440911,159,406,343,Q7
927,441190,239,446,340,Q7
928,441469,200,537,329,Q8
929,441688,239,456,387,Q7
930,441947,319,545,382,Q8
931,442286,219,511,387,Q7
932,442825,140,418,354,Q7
933,442984,120,331,369,Q7
934,443283,179,513,304,Q7
935,443542,219,436,390,Q7
936,443801,279,518,391,Q7
937,444101,259,515,396,Q7
938,444380,678,419,347,Q7
939,445077,379,424,355,Q7
940,445476,399,346,425,Q4
941,445895,478,372,431,Q4
942,446393,159,369,434,Q4
943,446573,439,427,500,Q4
944,447111,100,501,524,Q4
945,447271,698,415,516,Q4
946,448028,219,402,527,Q4
947,448387,379,470,531,Q4
948,448786,259,544,527,Q5
949,449065,100,459,450,Q4
950,449284,558,458,447,Q4
951,449862,180,535,626,Q5
952,450102,199,576,559,Q5
953,450560,299,493,688,Q4
954,453092,120,463,525,Q4
955,454109,100,588,505,Q5
956,454308,100,507,519,Q4
957,454428,100,500,507,Q4
958,455485,199,537,423,Q5
959,455744,179,640,422,Q5
960,455943,120,592,413,Q5
961,456103,239,586,413,Q5
962,468584,120,647,579,Q5
963,468883,279,609,572,Q5
964,469182,199,612,579,Q5
965,469421,140,672,594,Q5
966,469780,100,585,519,Q5
967,469979,498,548,501,Q5
968,470518,100,729,621,Q5
969,470697,120,701,586,Q5
970,470996,120,753,602,Q5
971,471594,159,805,528,Q5
972,471873,399,676,654,Q5
973,472292,120,669,655,Q5
974,472432,219,665,639,Q5
975,473309,100,695,668,Q5
976,473608,100,619,613,Q5
977,473728,219,633,682,Q5
978,474007,219,678,651,Q5
979,474426,100,625,673,Q5
980,474645,160,705,657,Q5
981,475083,140,594,593,Q5
982,475243,279,631,571,Q5
983,475542,179,699,592,Q5
984,476379,239,685,660,Q5
985,476858,120,569,539,Q5
986,477177,179,676,530,Q5
987,477376,100,682,547,Q5
988,477556,120,625,588,Q5
989,478353,180,502,106,Q7
990,478652,100,692,545,Q5
991,478951,120,693,498,Q5
992,479111,120,795,504,Q5
993,479450,499,765,495,Q5
994,479968,259,770,454,Q5
995,481164,159,818,501,Q5
996,481483,100,799,500,Q5
997,481663,120,665,620,Q5
998,482002,120,719,641,Q5
999,482719,140,683,586,Q5
1000,483078,179,665,662,Q5
1001,483278,179,723,445,Q5
1002,483497,160,741,404,Q5
1003,483676,139,750,536,Q5
1004,483836,179,773,497,Q5
1005,484035,179,844,509,Q5
1006,484514,140,598,538,Q5
1007,484673,179,580,491,Q5
1008,484873,319,561,512,Q5
1009,485212,180,620,507,Q5
1010,485411,339,582,507,Q5
1011,485770,379,607,485,Q5
1012,486288,160,605,495,Q5
1013,486567,140,556,503,Q5
1014,486767,199,590,490,Q5
1015,490356,120,594,350,Q8
1016,490495,498,594,417,Q5
1017,491013,199,601,416,Q5
1018,491273,179,527,373,Q7
1019,491472,219,493,334,Q7
1020,492010,179,656,349,Q8
1021,492210,339,664,435,Q5
1022,492628,180,585,430,Q5
1023,492908,439,645,541,Q5
1024,493366,140,688,521,Q5
1025,493645,100,626,546,Q5
1026,493884,160,669,429,Q5
1027,494064,180,672,437,Q5
1028,494303,279,606,426,Q5
1029,494602,279,659,433,Q5
1030,494921,180,659,432,Q5
1031,495200,219,656,438,Q5
1032,495440,459,566,427,Q5
1033,495998,199,579,420,Q5
1034,496217,120,641,434,Q5
1035,496357,658,706,382,Q8
1036,497035,339,661,330,Q8
1037,497393,339,762,334,Q8
1038,497792,180,815,498,Q5
1039,498091,119,735,506,Q5
1040,498390,319,823,510,Q5
1041,498809,199,621,419,Q5
1042,499028,140,721,464,Q5
1043,499188,100,785,510,Q5
1044,499347,160,839,505,Q5
1045,499527,160,746,506,Q5
1046,499786,319,694,346,Q8
1047,500125,478,653,340,Q8
1048,500623,558,698,332,Q8
1049,501221,279,693,261,Q8
1050,501520,160,596,339,Q8
1051,501700,279,574,319,Q8
1052,501999,120,581,371,Q8
1053,502139,120,587,367,Q8
1054,502278,299,658,356,Q8
1055,502617,239,611,280,Q8
1056,502876,319,675,389,Q8
1057,503275,100,608,266,Q8
1058,503395,359,627,284,Q8
1059,503813,458,574,317,Q8
1060,504292,399,570,364,Q8
1061,504711,259,644,368,Q8
1062,504990,718,550,373,Q8
1063,505727,279,550,369,Q8
1064,506026,120,478,440,Q4
1065,506186,379,487,372,Q7
1066,506585,100,648,393,Q8
1067,506784,259,671,377,Q8
1068,507063,199,746,378,Q8
1069,507302,498,647,382,Q8
1070,507821,180,457,340,Q7
1071,508060,139,571,376,Q8
1072,508220,518,554,355,Q8
1073,508758,339,496,379,Q7
1074,509117,478,526,370,Q7
1075,509615,219,519,339,Q7
1076,509854,199,559,327,Q8
1077,510074,618,456,341,Q7
1078,510752,179,569,333,Q8
1079,510951,120,568,336,Q8
1080,511090,159,397,396,Q7
1081,511270,200,453,380,Q7
1082,511489,239,495,408,Q4
1083,511848,479,369,417,Q4
1084,512347,419,404,415,Q4
1085,512845,179,501,404,Q4
1086,513144,180,411,405,Q4
1087,513343,339,500,348,Q7
1088,513702,239,460,342,Q7
1089,513962,459,592,331,Q8
1090,514440,100,595,333,Q8
1091,514560,259,684,340,Q8
1092,514839,578,656,341,Q8
1093,516673,100,530,335,Q7
1094,516812,179,547,311,Q8
1095,517052,120,582,427,Q5
1096,517191,319,572,418,Q5
1097,517849,140,759,491,Q5
1098,518009,199,765,510,Q5
1099,518428,219,771,508,Q5
1100,518707,279,695,514,Q5
1101,519065,100,795,535,Q5
1102,519225,160,637,583,Q5
1103,519424,159,585,582,Q5
1104,519604,479,579,579,Q5
1105,520102,379,521,515,Q4
1106,520501,179,550,459,Q5
1107,520700,578,594,482,Q5
1108,521298,120,590,467,Q5
1109,521817,140,567,424,Q5
1110,521976,219,560,437,Q5
1111,522216,478,614,437,Q5
1112,522714,279,556,431,Q5
1113,523053,139,589,417,Q5
1114,523213,140,546,392,Q8
1115,523472,279,493,382,Q7
1116,523771,279,554,385,Q8
1117,524209,100,487,384,Q7
1118,524508,498,670,428,Q5
1119,525047,140,513,386,Q7
1120,525306,419,479,383,Q7
1121,525764,160,542,345,Q8
1122,525964,120,543,344,Q8
1123,526123,120,472,403,Q4
1124,526263,239,468,389,Q7
1125,526542,199,308,330,Q7
1126,526801,179,416,402,Q4
1127,527001,279,355,453,Q4
1128,527320,259,486,484,Q4
1129,527599,199,543,492,Q5
1130,527818,199,504,480,Q4
1131,528097,279,558,483,Q5
1132,528396,140,478,651,Q4
1133,528596,140,519,681,Q4
1134,528795,180,572,693,Q5
1135,529014,459,390,590,Q4
1136,529493,120,510,515,Q4
1137,529632,199,473,479,Q4
1138,529852,239,552,479,Q5
1139,530191,140,389,444,Q4
1140,530350,160,431,471,Q4
1141,530530,160,449,370,Q7
1142,530789,239,502,397,Q7
1143,531088,140,532,382,Q7
1144,531287,199,463,379,Q7
1145,531506,359,422,350,Q7
1146,531885,199,518,321,Q7
1147,532105,299,519,314,Q7
1148,532444,319,650,338,Q8
1149,532882,140,740,345,Q8
1150,533082,179,635,396,Q8
1151,533480,299,566,429,Q5
1152,533939,160,498,510,Q4
1153,534138,259,524,517,Q4
1154,534517,140,705,406,Q5
1155,534876,100,591,452,Q5
1156,535035,818,525,498,Q4
1157,535933,120,566,425,Q5
1158,536072,458,448,530,Q4
1159,536551,219,492,517,Q4
1160,536830,100,408,448,Q4
1161,536949,379,410,450,Q4
1162,537388,179,427,630,Q4
1163,537587,239,387,452,Q4
1164,537926,120,139,262,Q7
1165,538066,478,46,220,Q7
1166,538624,219,394,370,Q7
1167,538923,179,448,367,Q7
1168,539123,199,445,349,Q7
1169,539342,518,412,348,Q7
1170,539920,100,465,326,Q7
1171,540040,219,501,262,Q7
1172,540279,279,531,312,Q7
1173,540618,638,552,311,Q8
1174,541316,179,677,272,Q8
1175,541535,199,601,284,Q8
1176,541754,299,629,286,Q8
1177,542073,120,677,298,Q8
1178,542233,120,681,290,Q8
1179,542412,359,633,287,Q8
1180,542871,518,721,320,Q8
1181,543449,100,540,388,Q8
1182,543569,239,577,374,Q8
1183,543828,219,647,370,Q8
1184,544227,120,375,495,Q4
1185,544366,219,396,441,Q4
1186,544625,518,403,541,Q4
1187,545303,479,391,535,Q4
1188,545802,219,443,632,Q4
1189,546101,678,415,635,Q4
1190,546799,140,416,626,Q4
1191,547018,160,423,586,Q4
1192,547237,199,409,533,Q4
1193,547456,180,398,469,Q4
1194,547656,180,397,482,Q4
1195,548154,359,375,694,Q4
1196,548732,239,494,730,Q4
1197,548992,538,518,654,Q4
1198,549550,140,566,648,Q5
1199,549709,259,504,691,Q4
1200,550148,120,548,690,Q5
1201,550527,120,360,586,Q4
1202,550906,139,671,560,Q5
1203,551105,140,619,561,Q5
1204,551564,120,611,561,Q5
1205,551723,120,626,561,Q5
1206,552501,199,588,619,Q5
1207,554056,120,880,495,Q5
1208,554694,179,731,673,Q5
1209,555352,120,743,659,Q5
1210,557684,180,744,481,Q5
1211,557904,279,741,470,Q5
1212,558203,100,735,462,Q5
1213,558362,180,811,456,Q5
1214,558681,279,833,456,Q5
1215,559000,339,746,521,Q5
1216,559379,160,784,484,Q5
1217,559618,359,736,675,Q5
1218,560256,180,763,680,Q5
1219,560555,100,774,652,Q5
1220,560954,120,756,589,Q5
1221,561253,100,755,717,Q5
1222,561453,120,715,726,Q5
1223,562110,159,710,576,Q5
1224,562430,140,585,612,Q5
1225,562988,159,637,598,Q5
1226,563167,199,529,607,Q4
1227,563386,259,548,620,Q5
1228,563706,279,544,617,Q5
1229,564005,140,551,603,Q5
1230,564184,160,646,734,Q5
1231,564363,179,636,676,Q5
1232,564962,160,711,697,Q5
1233,565161,159,622,702,Q5
1234,565360,359,628,687,Q5
1235,565759,140,641,693,Q5
1236,566676,120,728,745,Q5
1237,566856,140,726,761,Q5
1238,567015,140,729,757,Q5
1239,567214,160,565,775,Q5
1240,567394,179,591,775,Q5
1241,567673,120,630,685,Q5
1242,568251,479,765,714,Q5
1243,568750,180,658,747,Q5
1244,568949,279,575,767,Q5
1245,569368,100,703,775,Q5
1246,569487,139,731,767,Q5
1247,569747,180,114,236,Q7
1248,569946,140,48,227,Q7
1249,570106,419,84,237,Q7
1250,570644,179,710,703,Q5
1251,571042,140,731,706,Q5
1252,571302,120,753,703,Q5
1253,571461,299,671,769,Q5
1254,571780,140,574,740,Q5
1255,571960,180,719,720,Q5
1256,572338,977,710,702,Q5
1257,573355,100,695,778,Q5
1258,573535,179,647,764,Q5
1259,573834,120,804,624,Q5
1260,573973,100,803,615,Q5
1261,574133,140,701,675,Q5
1262,574332,120,737,712,Q5
1263,574532,100,766,703,Q5
1264,574671,140,833,608,Q5
1265,574930,279,903,613,Q5
1266,575469,339,542,732,Q5
1267,575827,279,626,696,Q5
1268,576226,100,681,691,Q5
1269,576366,498,577,619,Q5
1270,576884,120,654,629,Q5
1271,577024,120,656,614,Q5
1272,577323,239,544,759,Q5
1273,577642,259,565,756,Q5
1274,577921,818,571,746,Q5
1275,578758,239,489,752,Q4
1276,579018,179,481,734,Q4
1277,579217,279,533,719,Q6
1278,579516,199,679,795,Q5
1279,579915,339,514,789,Q4
1280,580513,139,515,628,Q4
1281,580712,120,478,607,Q4
1282,580931,180,530,618,Q4
1283,581151,120,671,701,Q5
1284,581450,160,609,696,Q5
1285,581968,160,463,691,Q4
1286,582307,120,464,692,Q4
1287,582447,259,386,695,Q4
1288,582726,159,502,643,Q4
1289,583005,100,440,652,Q4
1290,583204,120,569,615,Q5
1291,583344,339,611,624,Q5
1292,583902,219,72,208,Q7
1293,584201,120,587,534,Q5
1294,584401,279,524,619,Q4
1295,584859,319,571,609,Q5
1296,585218,199,563,611,Q5
1297,585437,160,519,608,Q4
1298,585617,319,519,615,Q4
1299,585956,239,519,613,Q4
1300,586315,239,528,597,Q4
1301,586753,379,522,615,Q4
1302,587172,419,619,555,Q5
1303,587810,140,601,535,Q5
1304,587969,379,615,541,Q5
1305,588807,219,53,203,Q7
1306,589046,359,47,237,Q7
1307,589425,578,90,221,Q7
1308,590123,160,52,220,Q7
1309,590402,100,600,574,Q5
1310,590761,120,483,653,Q4
1311,590900,120,499,615,Q4
1312,591040,160,533,621,Q6
1313,591259,219,556,609,Q5
1314,591498,100,577,614,Q5
1315,591618,180,591,604,Q5
1316,591817,359,639,557,Q5
1317,592296,120,544,597,Q5
1318,592515,259,583,616,Q5
1319,592814,259,475,669,Q4
1320,593093,299,529,603,Q4
1321,593492,100,529,602,Q4
1322,593731,100,1061,601,Q5
1323,594130,100,104,228,Q7
1324,594270,199,38,220,Q7
1325,594549,439,473,170,Q7
1326,595067,199,63,221,Q7
1327,595286,239,105,226,Q7
1328,595566,160,301,218,Q7
1329,595745,678,262,224,Q7
1330,596463,120,546,204,Q8
1331,596941,120,1020,448,Q5
1332,597260,100,1034,248,Q8
1333,597440,199,988,555,Q5
1334,597799,120,1047,643,Q5
1335,598317,259,1048,235,Q8
1336,598616,179,1046,233,Q8
1337,598835,259,1110,216,Q9
1338,599134,379,1098,212,Q9
1339,599573,100,1114,577,Q6
1340,599792,100,1035,539,Q5
1341,599912,159,1014,612,Q5
1342,600091,179,989,560,Q5
1343,600351,120,849,689,Q5
1344,600690,100,826,472,Q5
1345,600889,140,861,497,Q5
1346,601308,259,911,480,Q5
1347,601587,139,847,512,Q5
1348,601786,140,840,503,Q5
1349,602005,179,760,461,Q5
1350,602225,140,770,427,Q5
1351,602384,199,842,388,Q8
1352,602783,100,869,302,Q8
1353,603381,239,819,388,Q8
1354,603740,419,842,406,Q5
1355,604518,120,795,338,Q8
1356,604697,140,795,341,Q8
1357,605136,140,944,363,Q8
1358,605614,239,973,371,Q8
1359,605973,120,1009,417,Q5
1360,606172,100,1022,418,Q5
1361,606292,339,895,350,Q8
1362,606691,140,915,377,Q8
1363,606970,160,816,426,Q5
1364,607149,179,762,437,Q5
1365,607588,339,820,531,Q5
1366,608445,399,700,109,Q8
1367,609063,100,752,95,Q8
1368,609342,140,309,459,Q4
1369,609522,199,400,487,Q4
1370,609741,120,520,601,Q4
1371,609960,120,387,593,Q4
1372,610100,180,324,628,Q4
1373,610299,279,331,627,Q4
1374,610638,120,386,616,Q4
1375,610778,538,401,623,Q4
1376,611356,259,421,622,Q4
1377,611635,100,467,592,Q4
1378,611755,160,461,588,Q4
1379,611934,299,387,630,Q4
1380,612433,160,452,576,Q4
1381,612652,219,520,586,Q4
1382,612891,319,536,572,Q5
1383,613290,339,457,596,Q4
1384,613649,239,410,659,Q4
1385,614147,259,429,674,Q4
1386,614506,160,487,669,Q4
1387,614706,100,489,669,Q4
1388,614865,319,518,585,Q4
1389,615204,379,493,641,Q4
1390,615643,160,506,636,Q4
1391,615822,439,445,642,Q4
1392,616340,179,483,626,Q4
1393,616580,100,478,640,Q4
1394,616699,159,512,621,Q4
1395,616978,199,512,619,Q4
1396,617198,100,526,606,Q4
1397,617317,140,520,626,Q4
1398,617477,478,527,618,Q4
1399,618075,120,523,565,Q4
1400,618254,219,568,561,Q5
1401,618494,160,585,564,Q5
1402,618673,180,630,564,Q5
1403,618992,199,574,544,Q5
1404,619311,439,520,482,Q4
1405,619770,179,571,556,Q5
1406,619969,100,565,554,Q5
1407,620109,140,540,557,Q5
1408,620388,159,490,472,Q4
1409,620567,279,523,462,Q4
1410,620886,259,591,481,Q5
1411,621165,100,467,457,Q4
1412,621305,239,485,391,Q7
1413,621564,279,480,386,Q7
1414,621863,100,473,513,Q4
1415,621983,100,491,485,Q4
1416,622102,259,529,481,Q4
1417,622461,299,479,365,Q7
1418,622940,140,1117,443,Q6
1419,623159,339,1013,380,Q8
1420,623558,179,1179,687,Q6
1421,624415,140,757,477,Q5
1422,624754,219,669,553,Q5
1423,625153,179,722,594,Q5
1424,625352,140,789,489,Q5
1425,625771,160,731,625,Q5
1426,625990,239,772,391,Q8
1427,626389,100,755,559,Q5
1428,626668,199,773,501,Q5
1429,627047,180,831,514,Q5
1430,627246,299,859,524,Q5
1431,627844,100,707,585,Q5
1432,628044,399,685,491,Q5
1433,628542,179,773,649,Q5
1434,628762,199,779,523,Q5
1435,628981,140,746,489,Q5
1436,629380,180,828,508,Q5
1437,629579,239,875,486,Q5
1438,629838,100,818,501,Q5
1439,629978,100,730,628,Q5
1440,630357,259,880,551,Q5
1441,630855,160,802,655,Q5
1442,631234,140,832,674,Q5
1443,631453,160,807,579,Q5
1444,631652,100,711,631,Q5
1445,632111,100,685,703,Q5
1446,632470,180,825,646,Q5
1447,632829,140,658,258,Q8
1448,633228,180,656,190,Q8
1449,633447,259,287,460,Q4
1450,633925,100,428,499,Q4
1451,634484,279,488,365,Q7
1452,634783,219,489,485,Q4
1453,635142,100,530,482,Q4
1454,635540,159,515,467,Q4
1455,636338,279,822,704,Q5
1456,636657,180,836,692,Q5
1457,636856,180,845,699,Q5
1458,637056,379,812,733,Q5
1459,637474,139,837,723,Q5
1460,637674,140,796,726,Q5
1461,638072,259,836,713,Q5
1462,638351,479,829,707,Q5
1463,638850,259,857,703,Q5
1464,639887,339,835,692,Q5
1465,641183,179,804,731,Q5
1466,641502,120,777,725,Q5
1467,641641,180,784,655,Q5
1468,641980,139,777,707,Q5
1469,642180,239,784,715,Q5
1470,642538,319,791,781,Q5
1471,642877,139,782,794,Q5
1472,643037,100,786,789,Q5
1473,643156,199,735,774,Q5
1474,643376,359,775,810,Q2
1475,643894,120,846,816,Q2
1476,644054,180,960,741,Q5
1477,644253,399,900,745,Q5
1478,644871,239,851,631,Q5
1479,645629,180,691,680,Q5
1480,645928,120,673,681,Q5
1481,646227,140,714,723,Q5
1482,646566,239,731,684,Q5
1483,647044,100,722,715,Q5
1484,647244,100,796,650,Q5
1485,647941,100,675,732,Q5
1486,648061,140,665,749,Q5
1487,648280,120,750,707,Q5
1488,648420,179,745,705,Q5
1489,648859,279,785,630,Q5
1490,649676,279,734,727,Q5
1491,650115,199,772,640,Q5
1492,650434,199,809,611,Q5
1493,651092,100,746,712,Q5
1494,651231,179,750,716,Q5
1495,651430,120,761,723,Q5
1496,651789,199,751,705,Q5
1497,652068,140,814,715,Q5
1498,652368,179,766,721,Q5
1499,652667,199,741,703,Q5
1500,652886,399,722,639,Q5
1501,653484,618,722,633,Q5
1502,654302,199,717,641,Q5
1503,654860,199,744,705,Q5
1504,655558,140,754,719,Q5
1505,655896,239,773,709,Q5
1506,656176,120,785,707,Q5
1507,656315,219,771,704,Q5
1508,656554,120,772,703,Q5
1509,656694,239,772,716,Q5
1510,657013,140,824,690,Q5
1511,658448,179,854,651,Q5
1512,658688,100,700,676,Q5
1513,658847,100,719,679,Q5
1514,658987,180,719,668,Q5
1515,659286,160,753,658,Q5
1516,659545,279,769,739,Q5
1517,660103,120,683,679,Q5
1518,660342,180,720,688,Q5
1519,660542,120,804,639,Q5
1520,660881,100,850,643,Q5
1521,661260,219,855,623,Q5
1522,661559,100,826,619,Q5
1523,661678,140,838,620,Q5
1524,661858,159,856,621,Q5
1525,662037,100,765,600,Q5
1526,662237,219,797,624,Q5
1527,662655,120,777,628,Q5
1528,663094,199,750,563,Q5
1529,663752,120,786,554,Q5
1530,664350,159,836,544,Q5
1531,664629,140,861,567,Q5
1532,665008,120,688,557,Q5
1533,665785,180,876,712,Q5
1534,665985,239,877,734,Q5
1535,666404,259,829,534,Q5
1536,666702,259,820,531,Q5
1537,667181,239,864,524,Q5
1538,667540,140,667,580,Q5
1539,667699,120,649,552,Q5
1540,667839,339,641,545,Q5
1541,668198,219,630,602,Q5
1542,668995,100,668,582,Q5
1543,669294,219,656,628,Q5
1544,669594,239,783,634,Q5
1545,669932,139,701,645,Q5
1546,670491,120,704,646,Q5
1547,670690,179,592,261,Q8
1548,670929,140,598,232,Q8
1549,671089,319,600,219,Q8
1550,671787,139,436,497,Q4
1551,671966,399,506,455,Q4
1552,672385,159,574,477,Q5
1553,672584,199,517,473,Q4
1554,672843,279,616,472,Q5
1555,673282,140,888,614,Q5
1556,674000,339,820,532,Q5
1557,674378,160,875,504,Q5
1558,674578,160,820,570,Q5
1559,675116,120,809,658,Q5
1560,675355,199,799,694,Q5
1561,675834,199,817,555,Q5
1562,676053,179,792,546,Q5
1563,676572,140,846,543,Q5
1564,676751,698,759,815,Q2
1565,677469,439,812,709,Q5
1566,677927,140,834,660,Q5
1567,678466,140,813,526,Q5
1568,678625,279,810,531,Q5
1569,678924,199,819,604,Q5
1570,679323,179,747,504,Q5
1571,679762,140,827,658,Q5
1572,680120,219,819,689,Q5
1573,680360,159,797,707,Q5
1574,680818,199,786,692,Q5
1575,681038,100,780,690,Q5
1576,681576,179,688,718,Q5
1577,681775,598,783,753,Q5
1578,682493,159,679,672,Q5
1579,682692,120,650,649,Q5
1580,682832,219,660,657,Q5
1581,683889,179,656,615,Q5
1582,684367,180,631,614,Q5
1583,684706,140,650,585,Q5
1584,684965,319,647,569,Q5
1585,685324,160,644,558,Q5
1586,685783,159,647,563,Q5
1587,685982,219,686,517,Q5
1588,686500,120,635,659,Q5
1589,686660,419,649,664,Q5
1590,687178,180,702,646,Q5
1591,687378,120,716,659,Q5
1592,687517,219,720,729,Q5
1593,687757,120,719,706,Q5
1594,688753,100,762,591,Q5
1595,689072,159,729,585,Q5
1596,689272,319,745,501,Q5
1597,689611,319,736,491,Q5
1598,690109,120,706,493,Q5
1599,690548,120,750,488,Q5
1600,690867,120,728,508,Q5
1601,691046,199,823,521,Q5
1602,691285,160,777,409,Q5
1603,691465,199,829,426,Q5
1604,691684,239,861,452,Q5
1605,692382,299,737,602,Q5
1606,692741,139,699,603,Q5
1607,692980,140,687,585,Q5
1608,693638,120,777,646,Q5
1609,693778,239,790,652,Q5
1610,694236,100,712,650,Q5
1611,694356,159,715,673,Q5
1612,694735,100,741,610,Q5
1613,695333,140,780,657,Q5
1614,695512,120,819,654,Q5
1615,695652,159,810,669,Q5
1616,695971,139,850,665,Q5
1617,696130,299,855,689,Q5
1618,696689,139,858,599,Q5
1619,697187,239,813,781,Q5
1620,697785,459,874,707,Q5
1621,698463,259,810,786,Q5
1622,698762,140,858,688,Q5
1623,698922,140,847,700,Q5
1624,699161,718,816,769,Q5
1625,700038,399,829,766,Q5
1626,700477,179,725,821,Q2
1627,700676,339,795,851,Q2
1628,701035,199,930,815,Q2
1629,701254,399,901,811,Q2
1630,701832,179,785,727,Q5
1631,702072,140,761,697,Q5
1632,702351,219,782,685,Q5
1633,702610,120,801,679,Q5
1634,702750,179,786,691,Q5
1635,703029,100,801,698,Q5
1636,703846,140,640,259,Q8
1637,704046,279,639,250,Q8
1638,704524,478,487,407,Q4
1639,705022,179,484,359,Q7
1640,705222,219,487,353,Q7
1641,705541,100,508,442,Q4
1642,705880,160,584,485,Q5
1643,706119,180,447,489,Q4
1644,706558,199,408,507,Q4
1645,706956,100,534,454,Q5
1646,707415,299,887,799,Q5
1647,707734,160,850,807,Q2
1648,707933,140,849,812,Q2
1649,708252,100,813,792,Q5
1650,708372,339,798,764,Q5
1651,708731,379,751,760,Q5
1652,709229,179,853,743,Q5
1653,709429,299,876,742,Q5
1654,709867,180,813,665,Q5
1655,710725,139,770,855,Q2
1656,710884,179,741,844,Q2
1657,711123,319,825,839,Q2
1658,711462,199,826,843,Q2
1659,711682,179,829,840,Q2
1660,711881,120,830,834,Q2
1661,712020,738,793,844,Q2
1662,712838,359,825,807,Q2
1663,713416,120,724,671,Q5
1664,713615,479,729,662,Q5
1665,714114,179,727,665,Q5
1666,714313,219,743,645,Q5
1667,714553,279,736,652,Q5
1668,714931,319,707,589,Q5
1669,715609,100,779,580,Q5
1670,715809,199,845,564,Q5
1671,716108,100,663,595,Q5
1672,716407,179,862,710,Q5
1673,716626,279,791,582,Q5
1674,716945,100,794,574,Q5
1675,717065,259,800,568,Q5
1676,717404,199,849,760,Q5
1677,717703,100,781,573,Q5
1678,717942,179,840,578,Q5
1679,718141,100,805,578,Q5
1680,718361,140,847,581,Q5
1681,718640,180,754,569,Q5
1682,718839,160,761,586,Q5
1683,719258,120,731,773,Q5
1684,719417,159,750,745,Q5
1685,719597,239,795,747,Q5
1686,720016,259,845,739,Q5
1687,720314,199,923,728,Q5
1688,720653,120,842,728,Q5
1689,720933,259,676,739,Q5
1690,721272,259,771,746,Q5
1691,721750,120,768,754,Q5
1692,721929,140,746,712,Q5
1693,722229,100,811,647,Q5
1694,722428,140,811,629,Q5
1695,722647,239,764,638,Q5
1696,722966,498,921,782,Q5
1697,723883,140,927,779,Q5
1698,724103,498,929,778,Q5
1699,724621,179,951,777,Q5
1700,725000,100,796,635,Q5
1701,725299,319,783,634,Q5
1702,725698,199,823,628,Q5
1703,726635,140,785,652,Q5
1704,726794,160,777,633,Q5
1705,726974,279,740,554,Q5
1706,727273,120,791,543,Q5
1707,727532,319,756,532,Q5
1708,727891,100,811,531,Q5
1709,728608,239,813,523,Q5
1710,728868,100,814,542,Q5
1711,728987,219,863,524,Q5
1712,729326,379,789,534,Q5
1713,729725,239,803,541,Q5
1714,729984,100,816,546,Q5
1715,730104,100,822,545,Q5
1716,730223,140,817,554,Q5
1717,731001,100,880,779,Q5
1718,731699,159,787,581,Q5
1719,732018,120,816,553,Q5
1720,732496,100,748,632,Q5
1721,732616,179,747,657,Q5
1722,732915,259,739,652,Q5
1723,733254,179,762,703,Q5
1724,733653,499,751,654,Q5
1725,734171,100,747,646,Q5
1726,734291,140,784,636,Q5
1727,734550,120,738,663,Q5
1728,734849,199,780,632,Q5
1729,735666,259,642,703,Q5
1730,735946,219,643,687,Q5
1731,736185,100,794,629,Q5
1732,736304,140,822,602,Q5
1733,736703,100,617,684,Q5
1734,736823,160,640,685,Q5
1735,737042,279,619,696,Q5
1736,737341,239,692,700,Q5
1737,737600,140,666,685,Q5
1738,738059,120,736,698,Q5
1739,738258,179,819,624,Q5
1740,738458,140,827,617,Q5
1741,738757,140,776,631,Q5
1742,739215,160,803,681,Q5
1743,739674,199,739,701,Q5
1744,740092,120,774,750,Q5
1745,740312,279,781,651,Q5
1746,740710,359,684,713,Q5
1747,741089,100,672,739,Q5
1748,741229,140,689,758,Q5
1749,741707,100,681,741,Q5
1750,741827,100,692,741,Q5
1751,741947,219,711,762,Q5
1752,742186,100,718,756,Q5
1753,742346,120,693,758,Q5
1754,742485,180,744,759,Q5
1755,743083,139,872,780,Q5
1756,743482,239,849,742,Q5
1757,743801,120,733,858,Q2
1758,743940,120,778,876,Q2
1759,744080,100,768,874,Q2
1760,744200,259,727,808,Q2
1761,744698,319,737,769,Q5
1762,745037,359,743,776,Q5
1763,745416,239,850,748,Q5
1764,745675,100,863,749,Q5
1765,745814,379,870,747,Q5
1766,746313,279,879,740,Q5
1767,746612,100,831,742,Q5
1768,746911,100,762,869,Q2
1769,747529,140,720,719,Q5
1770,747788,160,713,716,Q5
1771,748167,180,709,683,Q5
1772,748426,379,725,668,Q5
1773,748825,140,702,688,Q5
1774,749004,100,699,680,Q5
1775,749124,140,703,678,Q5
1776,749463,120,677,747,Q5
1777,749682,159,766,734,Q5
1778,749862,100,796,714,Q5
1779,750121,319,864,746,Q5
1780,750580,199,920,730,Q5
1781,750819,618,795,747,Q5
1782,751576,618,777,750,Q5
1783,752354,100,882,761,Q5
1784,752474,419,907,777,Q5
1785,752912,179,944,781,Q5
1786,753112,279,945,784,Q5
1787,753610,140,825,658,Q5
1788,753849,120,770,624,Q5
1789,754348,319,874,790,Q5
1790,754766,259,916,783,Q5
1791,755145,120,913,779,Q5
1792,755285,259,873,774,Q5
1793,755584,199,857,722,Q5
1794,755803,140,655,717,Q5
1795,756242,120,726,695,Q5
1796,756601,259,1014,799,Q5
1797,756900,180,1004,788,Q5
1798,757099,160,977,690,Q5
1799,757338,279,972,678,Q5
1800,757737,120,1017,717,Q5
1801,757877,160,1017,726,Q5
1802,758056,100,1018,715,Q5
1803,758335,199,925,878,Q2
1804,758574,279,867,878,Q2
1805,758993,319,952,874,Q2
1806,759332,179,929,871,Q2
1807,759691,159,986,838,Q2
1808,760249,120,1026,746,Q5
1809,760389,339,1024,847,Q2
1810,760748,239,999,787,Q5
1811,761047,140,1025,789,Q5
1812,761206,160,1043,772,Q5
1813,761406,259,1021,774,Q5
1814,761685,1117,992,739,Q5
1815,762821,100,993,741,Q5
1816,762981,199,1020,778,Q5
1817,763200,160,948,728,Q5
1818,763419,578,993,729,Q5
1819,764037,419,976,717,Q5
1820,764576,399,907,756,Q5
1821,765074,179,1010,699,Q5
1822,765274,120,1005,695,Q5
1823,765413,140,1068,687,Q6
1824,765573,120,966,654,Q5
1825,765712,140,994,617,Q5
1826,765991,857,916,682,Q5
1827,766888,459,913,673,Q5
1828,767407,299,855,667,Q5
1829,767905,160,980,581,Q5
1830,768105,100,983,570,Q5
1831,768304,139,871,573,Q5
1832,768683,100,1040,675,Q5
1833,769022,259,882,862,Q2
1834,769301,279,889,883,Q2
1835,769819,160,822,702,Q5
1836,769999,160,814,709,Q5
1837,770218,120,796,676,Q5
1838,770617,478,812,668,Q5
1839,771135,139,826,714,Q5
1840,771295,119,824,736,Q5
1841,771434,140,827,740,Q5
1842,771654,279,874,751,Q5
1843,771953,120,862,743,Q5
1844,772152,478,861,757,Q5
1845,772690,179,853,745,Q5
1846,772890,479,857,735,Q5
1847,773408,259,770,756,Q5
1848,774365,259,783,772,Q5
1849,774644,239,785,769,Q5
1850,774903,139,789,760,Q5
1851,775202,738,748,774,Q5
1852,775980,179,739,784,Q5
1853,776179,140,746,775,Q5
1854,776339,179,741,711,Q5
1855,776538,140,743,697,Q5
1856,776718,120,693,748,Q5
1857,776937,180,728,668,Q5
1858,777136,638,726,668,Q5
1859,777954,160,721,665,Q5
1860,778233,139,718,670,Q5
1861,778851,160,788,773,Q5
1862,779150,180,855,753,Q5
1863,779349,159,845,750,Q5
1864,779788,399,755,773,Q5
1865,780207,299,756,781,Q5
1866,780526,239,753,784,Q5
1867,781024,140,834,730,Q5
1868,781244,319,859,799,Q5
1869,781602,299,788,770,Q5
1870,782021,140,857,795,Q5
1871,782181,299,848,794,Q5
1872,782500,299,852,795,Q5
1873,782819,100,851,792,Q5
1874,782938,120,807,703,Q5
1875,783078,319,818,717,Q5
1876,783417,139,812,721,Q5
1877,783875,399,815,729,Q5
1878,784394,219,807,732,Q5
1879,784633,120,814,729,Q5
1880,784932,120,802,725,Q5
1881,785231,120,808,765,Q5
1882,785650,180,811,777,Q5
1883,787324,179,931,766,Q5
1884,787524,139,891,767,Q5
1885,787683,419,880,783,Q5
1886,788142,538,829,779,Q5
1887,788720,279,850,786,Q5
1888,789278,120,774,804,Q2
1889,789617,239,869,785,Q5
1890,789896,498,865,783,Q5
1891,790534,259,774,794,Q5
1892,790813,199,805,767,Q5
1893,791033,239,796,804,Q2
1894,791412,100,846,800,Q2
1895,791571,160,852,791,Q5
1896,791790,498,776,787,Q5
1897,792428,638,782,786,Q5
1898,793106,459,719,812,Q2
1899,793964,339,855,698,Q5
1900,794582,120,908,726,Q5
1901,795040,159,772,705,Q5
1902,795339,459,712,823,Q2
1903,795838,140,787,822,Q2
1904,796097,319,869,846,Q2
1905,796615,199,674,821,Q2
1906,796835,339,722,819,Q2
1907,797293,180,587,851,Q2
1908,797512,160,651,830,Q2
1909,797732,259,709,830,Q2
1910,798011,199,775,876,Q2
1911,798230,140,713,878,Q2
1912,798390,120,765,853,Q2
1913,798529,259,799,855,Q2
1914,798808,359,741,891,Q2
1915,799187,319,721,839,Q2
1916,799526,239,733,884,Q2
1917,799785,279,765,903,Q2
1918,800084,199,806,900,Q2
1919,800304,479,759,898,Q2
1920,800982,817,687,740,Q5
1921,801879,299,755,893,Q2
1922,802198,100,736,896,Q2
1923,802317,379,702,826,Q2
1924,802796,279,814,844,Q2
1925,803195,259,743,859,Q2
1926,803474,439,759,830,Q2
1927,803972,119,694,816,Q2
1928,804192,120,815,790,Q5
1929,804431,658,863,854,Q2
1930,805109,259,846,836,Q2
1931,805388,199,847,845,Q2
1932,805986,140,713,727,Q5
1933,806185,179,769,707,Q5
1934,806444,339,776,708,Q5
1935,806923,239,839,709,Q5
1936,807182,299,802,706,Q5
1937,807521,439,809,711,Q5
1938,807980,100,696,720,Q5
1939,808179,219,776,712,Q5
1940,808418,339,774,734,Q5
1941,808777,219,766,799,Q5
1942,809036,359,783,780,Q5
1943,809495,179,780,781,Q5
1944,809714,160,853,740,Q5
1945,809894,179,875,728,Q5
1946,810093,100,883,732,Q5
1947,810272,319,844,724,Q5
1948,810631,160,848,732,Q5
1949,810831,299,813,718,Q5
1950,811190,179,822,717,Q5
1951,811628,279,888,722,Q5
1952,812067,259,924,620,Q5
1953,812506,179,820,642,Q5
1954,812705,120,850,639,Q5
1955,813084,439,802,760,Q5
1956,813602,399,956,789,Q5
1957,814021,379,921,833,Q2
1958,814479,100,979,729,Q5
1959,814619,140,964,685,Q5
1960,814798,120,963,641,Q5
1961,815137,120,955,631,Q5
1962,815297,100,1022,632,Q5
1963,815516,180,976,644,Q5
1964,815755,199,715,318,Q8
1965,816034,120,716,321,Q8
1966,816373,140,964,746,Q5
1967,816613,239,468,549,Q4
1968,817091,179,551,414,Q5
1969,817370,379,517,368,Q7
1970,817888,160,548,327,Q8
1971,818128,518,538,262,Q8
1972,818726,279,598,265,Q8
1973,819025,279,636,289,Q8
1974,819324,180,499,255,Q7
1975,819523,140,504,255,Q7
1976,819683,180,447,252,Q7
1977,819922,319,558,269,Q8
1978,820261,299,609,277,Q8
1979,820580,219,529,319,Q7
1980,820819,180,489,399,Q7
1981,821019,180,567,467,Q5
1982,821258,140,511,310,Q7
1983,821437,180,487,431,Q4
1984,821637,120,474,369,Q7
1985,821776,658,486,367,Q7
1986,822534,199,527,441,Q4
1987,822773,120,477,504,Q4
1988,822913,299,516,482,Q4
1989,823232,180,590,480,Q5
1990,823451,439,499,474,Q4
1991,823930,558,585,549,Q5
1992,824508,180,627,547,Q5
1993,824707,120,672,550,Q5
1994,824867,120,667,551,Q5
1995,825006,100,656,546,Q5
1996,825146,299,586,547,Q5
1997,825465,159,600,547,Q5
1998,825704,120,653,557,Q5
1999,825943,339,645,581,Q5
2000,826402,578,550,558,Q5
2001,827000,399,542,462,Q5
2002,827439,160,484,382,Q7
2003,827618,359,502,355,Q7
2004,827997,179,523,424,Q4
2005,828196,140,484,455,Q4
2006,828396,140,528,474,Q4
2007,828794,120,1007,645,Q5
2008,829034,518,951,745,Q5
2009,829572,100,859,651,Q5
2010,829991,160,733,576,Q5
2011,830389,459,704,588,Q5
2012,830928,160,687,588,Q5
2013,831167,140,620,628,Q5
2014,831326,319,603,647,Q5
2015,831785,100,706,638,Q5
2016,832004,259,700,648,Q5
2017,832283,100,726,673,Q5
2018,832822,139,745,676,Q5
2019,833181,299,856,691,Q5
2020,833799,299,877,671,Q5
2021,834138,339,869,683,Q5
2022,834556,279,829,741,Q5
2023,834855,299,859,739,Q5
2024,835174,120,790,761,Q5
2025,835354,120,794,771,Q5
2026,835872,100,848,746,Q5
2027,835992,159,850,754,Q5
2028,836171,120,819,739,Q5
2029,836311,160,812,744,Q5
2030,836490,319,842,749,Q5
2031,836889,120,852,671,Q5
2032,837028,120,845,692,Q5
2033,837168,100,840,690,Q5
2034,837387,100,876,678,Q5
2035,837587,299,878,685,Q5
2036,837966,100,570,653,Q5
2037,838105,199,731,698,Q5
2038,838524,279,799,728,Q5
2039,838883,259,936,752,Q5
2040,839421,139,742,571,Q5
2041,839600,140,738,566,Q5
2042,839760,140,801,655,Q5
2043,840079,160,653,644,Q5
2044,840278,120,657,626,Q5
2045,840617,359,631,614,Q5
2046,841016,578,629,616,Q5
2047,841853,279,635,607,Q5
2048,842192,239,592,581,Q5
2049,842511,239,733,552,Q5
2050,842771,100,698,536,Q5
2051,842890,339,552,545,Q5
2052,843249,479,607,539,Q5
2053,843747,219,549,492,Q5
2054,843987,100,632,503,Q5
2055,844266,100,697,702,Q5
2056,844445,319,617,670,Q5
2057,844784,299,632,637,Q5
2058,845382,199,724,723,Q5
2059,845622,219,658,716,Q5
2060,846020,120,558,675,Q5
2061,846160,319,614,662,Q5
2062,846499,199,659,650,Q5
2063,846818,259,720,653,Q5
2064,847097,100,715,633,Q5
2065,847396,479,574,636,Q5
2066,847894,179,606,591,Q5
2067,848313,459,508,722,Q4
2068,848792,100,544,715,Q5
2069,849170,319,500,705,Q4
2070,849509,379,497,721,Q4
2071,849908,678,555,757,Q5
2072,850606,538,587,767,Q5
2073,851204,199,553,758,Q5
2074,851423,199,492,656,Q4
2075,851643,159,523,615,Q4
2076,851842,299,561,607,Q5
2077,852360,140,574,551,Q5
2078,852520,160,598,542,Q5
2079,852699,219,595,555,Q5
2080,852939,738,553,605,Q5
2081,853696,140,549,570,Q5
2082,853856,239,576,551,Q5
2083,854115,179,572,550,Q5
2084,854314,100,569,564,Q5
2085,854733,379,572,550,Q5
2086,855411,279,674,840,Q2
2087,855850,239,691,848,Q2
2088,856149,239,736,805,Q2
2089,856627,219,583,750,Q5
2090,856906,199,536,402,Q5
2091,857145,279,242,329,Q7
2092,857464,239,434,247,Q7
2093,857803,179,133,160,Q7
2094,858003,319,53,157,Q7
2095,858342,179,-32,182,Q7
2096,858541,558,-3,212,Q7
2097,859139,279,86,210,Q7
2098,859438,160,335,208,Q7
2099,859638,140,459,210,Q7
2100,859797,299,488,201,Q7
2101,860196,219,259,225,Q7
2102,860595,399,481,219,Q7
2103,861013,259,483,231,Q7
2104,861352,359,652,224,Q8
2105,861731,379,647,223,Q8
2106,862130,279,649,225,Q8
2107,862429,239,644,237,Q8
2108,862688,578,552,264,Q8
2109,863286,239,529,248,Q7
2110,863545,439,479,210,Q7
2111,864024,359,243,254,Q7
2112,864403,359,64,242,Q7
2113,865021,199,94,251,Q7
2114,865280,219,76,216,Q7
2115,865519,738,79,281,Q7
2116,866277,419,41,272,Q7
2117,866735,518,33,188,Q7
2118,867274,479,299,222,Q7
2119,867772,120,247,217,Q7
2120,867972,279,45,271,Q7
2121,868271,279,167,255,Q7
2122,868590,698,280,278,Q7
2123,869327,219,437,211,Q7
2124,869945,120,484,235,Q7
2125,870185,279,709,263,Q8
2126,870484,179,776,252,Q8
2127,870783,219,484,140,Q7
2128,871082,140,117,157,Q7
2129,871241,179,72,153,Q7
2130,871481,239,311,158,Q7
2131,871780,199,482,232,Q7
2132,871999,100,485,231,Q7
2133,872398,1715,86,247,Q7
2134,874132,319,56,250,Q7
2135,874471,1914,100,255,Q7
2136,876405,100,125,259,Q7
2137,876764,259,65,246,Q7
2138,877043,100,65,253,Q7
2139,877242,359,101,253,Q7
2140,877741,219,588,557,Q5
2141,878020,140,698,458,Q5
2142,878279,319,98,235,Q7
2143,878618,478,40,249,Q7
2144,879117,379,115,238,Q7
2145,879715,199,570,396,Q8
2146,879974,179,445,298,Q7
2147,880213,160,667,541,Q5
2148,880393,160,696,452,Q5
2149,880672,199,611,259,Q8
2150,880971,120,304,278,Q7
2151,881110,339,361,301,Q7
2152,882147,120,634,591,Q5
2153,882346,140,704,795,Q5
2154,882506,120,698,795,Q5
2155,882646,119,709,805,Q2
2156,882825,219,982,815,Q2
2157,883064,199,976,818,Q2
2158,883343,339,691,705,Q5
2159,883842,120,1101,954,Q3
2160,884021,140,1174,1039,Q3
2161,884240,339,618,1017,Q2
2162,884639,379,325,1006,Q1
2163,885038,518,567,1068,Q2
2164,885636,179,647,1015,Q2
2165,885836,100,611,1015,Q2
2166,886035,120,246,1015,Q1
2167,886174,239,299,1016,Q1
2168,886434,279,267,1008,Q1
2169,886733,339,328,1009,Q1
2170,887131,279,16,1022,Q1
2171,887430,179,111,995,Q1
2172,887630,339,26,991,Q1
2173,887989,219,78,991,Q1
2174,888268,140,506,1077,Q1
2175,888527,339,323,1024,Q1
2176,888886,159,224,1016,Q1
2177,889065,199,279,1010,Q1
2178,889285,140,323,1015,Q1
2179,889584,120,507,995,Q1
2180,889723,279,566,988,Q2
2181,890162,239,458,459,Q4
2182,890461,199,464,214,Q7
2183,890999,319,322,1014,Q1
2184,891398,399,577,682,Q5
2185,891817,180,672,571,Q5
2186,892016,279,667,560,Q5
2187,892315,199,566,779,Q5
2188,892674,140,184,187,Q7
2189,892873,140,62,200,Q7
2190,893033,518,42,246,Q7
2191,893731,120,665,644,Q5
2192,894070,140,562,692,Q5
2193,894249,199,591,667,Q5
2194,894468,199,610,773,Q5
2195,894728,319,546,869,Q2
2196,895186,160,617,606,Q5
2197,895366,219,640,738,Q5
2198,895685,179,1183,1007,Q3
2199,895884,259,1215,1012,Q3
2200,896682,179,674,728,Q5
2201,896881,279,630,671,Q5
2202,897180,379,638,732,Q5
2203,897579,180,573,771,Q5
2204,897838,458,669,646,Q5
2205,898316,239,710,691,Q5
2206,898576,219,749,737,Q5
2207,898934,219,722,732,Q5
2208,899174,100,728,725,Q5
2209,899413,180,694,663,Q5
2210,899612,339,679,645,Q5
2211,899991,518,675,654,Q5
2212,900569,199,254,443,Q4
2213,900848,120,386,305,Q7
2214,901147,419,140,400,Q4
2215,901686,199,368,425,Q4
2216,901965,140,558,576,Q5
2217,902164,100,497,498,Q4
2218,902304,140,490,388,Q7
2219,902463,319,488,352,Q7
2220,902822,239,469,366,Q7
2221,903081,359,465,367,Q7
2222,903540,219,546,349,Q8
2223,903779,299,544,350,Q8
2224,904158,319,539,269,Q8
2225,904497,359,521,269,Q7
2226,904956,578,524,276,Q7
2227,905554,120,503,345,Q7
2228,905813,399,457,235,Q7
2229,906232,459,506,286,Q7
2230,906710,718,600,271,Q8
2231,907488,299,554,540,Q5
2232,907807,239,515,624,Q4
2233,908066,160,503,542,Q4
2234,908245,459,525,478,Q4
2235,908724,160,524,471,Q4
2236,909043,239,566,494,Q5
2237,909302,139,692,656,Q5
2238,909860,219,505,551,Q4
2239,910099,618,571,545,Q5
2240,910737,299,525,488,Q4
2241,911096,199,507,475,Q4
2242,911395,100,507,467,Q4
2243,911595,379,478,404,Q4
2244,912033,857,471,368,Q7
2245,913010,160,513,376,Q7
2246,913190,618,526,431,Q4
2247,913828,160,555,360,Q8
2248,914007,319,553,344,Q8
2249,914486,678,519,428,Q4
2250,915184,100,518,426,Q4
2251,915303,180,522,445,Q4
2252,915502,758,520,439,Q4
2253,916280,299,525,444,Q4
2254,916599,259,518,431,Q4
2255,916878,199,487,385,Q7
2256,917098,159,457,344,Q7
2257,917317,1176,370,144,Q7
2258,918513,239,517,239,Q7
2259,918872,219,99,219,Q7
2260,919111,339,49,228,Q7
2261,919470,678,95,238,Q7
2262,920308,100,635,532,Q5
2263,920427,100,654,514,Q5
2264,920567,140,646,516,Q5
2265,920766,439,626,507,Q5
2266,921284,678,636,539,Q5
2267,922002,139,649,528,Q5
2268,922261,160,658,647,Q5
2269,922620,219,662,656,Q5
2270,922879,219,710,723,Q5
2271,923119,199,729,668,Q5
2272,923378,239,711,585,Q5
2273,923637,159,723,570,Q5
2274,923816,219,624,563,Q5
2275,924056,140,644,510,Q5
2276,924215,219,716,575,Q5
2277,924634,279,780,567,Q5
2278,925033,578,724,572,Q5
2279,925631,140,625,539,Q5
2280,925830,120,647,522,Q5
2281,925970,140,652,515,Q5
2282,926129,180,635,507,Q5
2283,926328,219,619,520,Q5
2284,926608,239,549,558,Q5
2285,926867,219,583,589,Q5
2286,927226,100,587,550,Q5
2287,927505,100,637,587,Q5
2288,927624,160,675,590,Q5
2289,927864,100,544,596,Q5
2290,928063,219,591,592,Q5
2291,928342,100,561,497,Q5
2292,928621,219,544,556,Q5
2293,928861,239,612,611,Q5
2294,929220,120,603,616,Q5
2295,929558,180,550,631,Q5
2296,929778,100,550,639,Q5
2297,929897,239,480,627,Q4
2298,930157,339,582,638,Q5
2299,930515,778,582,643,Q5
2300,931313,518,546,685,Q5
2301,931891,339,658,746,Q5
2302,932250,199,559,768,Q5
2303,932469,100,628,654,Q5
2304,932689,140,605,645,Q5
2305,932848,160,642,639,Q5
2306,933048,379,669,644,Q5
2307,933666,159,173,261,Q7
2308,933845,140,69,279,Q7
2309,934004,219,53,243,Q7
2310,934244,219,100,246,Q7
2311,934563,160,701,566,Q5
2312,934742,140,612,665,Q5
2313,935041,598,617,653,Q5
2314,935739,120,686,670,Q5
2315,935879,139,682,665,Q5
2316,936557,399,631,658,Q5
2317,937254,179,711,642,Q5
2318,937533,419,600,653,Q5
2319,937972,259,611,650,Q5
2320,938271,140,551,698,Q5
2321,938530,120,543,695,Q5
2322,938670,259,540,701,Q5
2323,938949,359,534,698,Q5
2324,939328,100,575,698,Q5
2325,939507,299,706,129,Q8
2326,939846,219,557,219,Q8
2327,940285,120,1091,791,Q6
2328,940444,100,1033,435,Q5
2329,940624,199,556,272,Q8
2330,940963,180,685,255,Q8
2331,941162,279,751,264,Q8
2332,941461,100,759,251,Q8
2333,941621,100,442,543,Q4
2334,942019,100,706,668,Q5
2335,942219,219,688,646,Q5
2336,942518,279,342,294,Q7
2337,943016,1097,676,643,Q5
2338,944133,399,673,649,Q5
2339,944551,259,673,643,Q5
2340,944851,279,687,643,Q5
2341,945209,199,782,701,Q5
2342,945429,239,739,767,Q5
2343,945867,638,686,759,Q5
2344,946545,219,684,740,Q5
2345,946784,139,676,742,Q5
2346,946944,159,682,752,Q5
2347,947143,140,687,755,Q5
2348,947323,179,689,732,Q5
2349,947542,120,691,757,Q5
2350,947682,120,684,738,Q5
2351,947941,658,690,757,Q5
2352,949177,139,498,630,Q4
2353,949356,199,720,524,Q5
2354,949596,120,724,528,Q5
2355,950234,100,744,607,Q5
2356,1160933,239,72,190,Q7
2357,1161192,119,117,187,Q7
2358,1161372,180,316,164,Q7
2359,1162408,140,493,568,Q4
2360,1162568,359,487,452,Q4
2361,1162947,459,499,413,Q4
2362,1163465,259,549,279,Q8
2363,1163804,179,1071,363,Q9
2364,1164123,259,522,491,Q4
2365,1164402,160,538,560,Q5
2366,1164622,219,509,531,Q4
2367,1164861,120,555,280,Q8
2368,1165160,179,541,285,Q8
2369,1165459,140,579,260,Q8
2370,1165658,120,578,268,Q8
2371,1165858,219,989,299,Q8
2372,1166097,180,971,276,Q8
2373,1166496,239,372,267,Q7
2374,1166755,179,485,268,Q7
2375,1167213,140,564,337,Q8
2376,1168370,179,657,888,Q2
2377,1168589,100,665,907,Q2
2378,1169088,538,650,929,Q2
2379,1169726,100,1059,908,Q2
2380,1169845,618,1191,1003,Q3
2381,1171021,977,674,1084,Q2
2382,1172018,219,619,1052,Q2
2383,1172258,139,699,1093,Q2
2384,1172477,179,321,1220,Q1
2385,1172856,140,405,386,Q7
2386,1173155,100,496,281,Q7
2387,1173274,100,505,274,Q7
2388,1173673,139,501,348,Q7
2389,1174072,419,64,215,Q7
2390,1174530,199,464,254,Q7
2391,1174750,1595,476,252,Q7
2392,1176724,100,395,501,Q4
2393,1177162,120,993,419,Q5
2394,1177960,339,58,188,Q7
2395,1178378,219,447,290,Q7
2396,1178618,160,409,384,Q7
2397,1179236,279,922,406,Q5
2398,1179554,459,894,283,Q8
2399,1180053,219,512,463,Q4
2400,1180472,100,348,564,Q4
2401,1180631,140,330,537,Q4
2402,1180950,140,935,360,Q8
2403,1181130,239,939,369,Q8
2404,1181429,199,241,229,Q7
2405,1181728,538,38,222,Q7
2406,1182725,219,965,348,Q8
2407,1183024,199,183,390,Q7
2408,1183243,140,177,398,Q7
2409,1183502,100,315,573,Q4
2410,1184001,179,874,239,Q8
2411,1184399,100,964,297,Q8
2412,1184718,140,960,300,Q8
2413,1185037,140,415,430,Q4
2414,1185596,179,998,330,Q8
2415,1185795,179,637,437,Q5
2416,1186194,120,615,518,Q5
2417,1186413,160,730,225,Q8
2418,1186692,439,584,176,Q8
2419,1187151,160,588,179,Q8
2420,1187550,120,605,288,Q8
2421,1187948,100,936,366,Q8
2422,1188168,479,895,263,Q8
2423,1188965,299,714,256,Q8
2424,1189284,499,664,272,Q8
2425,1190002,160,646,264,Q8
2426,1190181,100,500,266,Q7
2427,1190361,219,491,255,Q7
2428,1190720,239,208,441,Q4
2429,1191078,100,242,495,Q4
2430,1191278,120,776,473,Q5
2431,1191418,140,808,488,Q5
2432,1191637,120,786,532,Q5
2433,1191976,139,675,611,Q5
2434,1192594,120,134,122,Q7
2435,1192793,100,124,128,Q7
2436,1192933,299,393,40,Q7
2437,1193331,339,764,282,Q8
2438,1193910,140,761,286,Q8
2439,1194667,100,222,489,Q4
2440,1194787,100,209,484,Q4
2441,1194926,159,207,471,Q4
2442,1195365,120,717,143,Q8
2443,1195544,239,116,87,Q7
2444,1195824,259,125,60,Q7
2445,1196541,339,19,13,Q7
2446,1197000,319,463,343,Q7
2447,1197598,179,651,460,Q5
2448,1198236,379,778,448,Q5
2449,1198714,259,855,400,Q5
2450,1199014,199,805,338,Q8
2451,1199273,339,800,183,Q8
2452,1199711,100,450,318,Q7
2453,1199891,100,449,324,Q7
2454,1200050,140,683,504,Q5
2455,1200668,179,799,520,Q5
2456,1200967,199,555,101,Q8
2457,1201227,319,138,107,Q7
2458,1201566,120,140,116,Q7
2459,1202024,199,920,52,Q8
2460,1202263,359,1256,68,Q9
2461,1202722,179,1316,224,Q9
2462,1202921,399,1344,330,Q9
2463,1203420,160,553,433,Q5
2464,1204078,379,592,559,Q5
2465,1204915,119,624,25,Q8
2466,1205134,658,731,17,Q8
2467,1205832,120,405,221,Q7
